,Importance
Encoded_Feature_161,62.101223
Encoded_Feature_75,58.15537
Encoded_Feature_78,56.04652
Encoded_Feature_164,51.13757
Encoded_Feature_285,50.363525
Encoded_Feature_378,48.102127
Encoded_Feature_73,47.822674
Encoded_Feature_254,47.688366
Encoded_Feature_483,47.361153
Encoded_Feature_206,47.259274
Encoded_Feature_7,47.221394
Encoded_Feature_271,47.204693
Encoded_Feature_15,46.468365
Encoded_Feature_453,46.409622
Encoded_Feature_130,46.38663
Encoded_Feature_11,46.118618
Encoded_Feature_166,46.09171
Encoded_Feature_458,45.99119
Encoded_Feature_36,45.923096
Encoded_Feature_124,45.911427
Encoded_Feature_86,45.86555
Encoded_Feature_314,45.809544
Encoded_Feature_320,45.422745
Encoded_Feature_275,45.40789
Encoded_Feature_310,45.35819
Encoded_Feature_12,45.355305
Encoded_Feature_220,45.318398
Encoded_Feature_32,45.148373
Encoded_Feature_349,45.142757
Encoded_Feature_65,45.056957
Encoded_Feature_133,45.02528
Encoded_Feature_182,44.90733
Encoded_Feature_338,44.735687
Encoded_Feature_165,44.66967
Encoded_Feature_489,44.65934
Encoded_Feature_329,44.642838
Encoded_Feature_373,44.641953
Encoded_Feature_170,44.636448
Encoded_Feature_444,44.633762
Encoded_Feature_400,44.553467
Encoded_Feature_336,44.532677
Encoded_Feature_424,44.362328
Encoded_Feature_216,44.280464
Encoded_Feature_455,44.191566
Encoded_Feature_72,44.184196
Encoded_Feature_167,44.169994
Encoded_Feature_486,44.125942
Encoded_Feature_98,44.062943
Encoded_Feature_456,44.053875
Encoded_Feature_379,44.02113
Encoded_Feature_112,43.968597
Encoded_Feature_107,43.945946
Encoded_Feature_143,43.914806
Encoded_Feature_243,43.78698
Encoded_Feature_468,43.73789
Encoded_Feature_491,43.733948
Encoded_Feature_116,43.698174
Encoded_Feature_398,43.69051
Encoded_Feature_302,43.597248
Encoded_Feature_472,43.57079
Encoded_Feature_255,43.444885
Encoded_Feature_104,43.43609
Encoded_Feature_426,43.4228
Encoded_Feature_46,43.414814
Encoded_Feature_411,43.409264
Encoded_Feature_56,43.360424
Encoded_Feature_427,43.223877
Encoded_Feature_446,43.135796
Encoded_Feature_194,43.030838
Encoded_Feature_159,42.96703
Encoded_Feature_304,42.94262
Encoded_Feature_135,42.93151
Encoded_Feature_82,42.854404
Encoded_Feature_289,42.824883
Encoded_Feature_410,42.72145
Encoded_Feature_120,42.705696
Encoded_Feature_240,42.683735
Encoded_Feature_111,42.659443
Encoded_Feature_356,42.531635
Encoded_Feature_303,42.49836
Encoded_Feature_117,42.477528
Encoded_Feature_301,42.45589
Encoded_Feature_154,42.45191
Encoded_Feature_179,42.44548
Encoded_Feature_339,42.384853
Encoded_Feature_431,42.286636
Encoded_Feature_344,42.249966
Encoded_Feature_121,42.238804
Encoded_Feature_228,42.226707
Encoded_Feature_173,42.18314
Encoded_Feature_355,42.146744
Encoded_Feature_195,42.08751
Encoded_Feature_267,42.037422
Encoded_Feature_169,42.027527
Encoded_Feature_322,41.729668
Encoded_Feature_183,41.66714
Encoded_Feature_64,41.6363
Encoded_Feature_386,41.628193
Encoded_Feature_270,41.501087
Encoded_Feature_123,41.49895
Encoded_Feature_235,41.48726
Encoded_Feature_185,41.38308
Encoded_Feature_402,41.240517
Encoded_Feature_118,41.055763
Encoded_Feature_190,40.999454
Encoded_Feature_248,40.938545
Encoded_Feature_394,40.857483
Encoded_Feature_27,40.785122
Encoded_Feature_197,40.632313
Encoded_Feature_276,40.611656
Encoded_Feature_76,40.27007
Encoded_Feature_466,40.16679
Encoded_Feature_215,40.01631
Encoded_Feature_493,40.00873
Encoded_Feature_296,39.835377
Encoded_Feature_110,39.777805
Encoded_Feature_307,39.599384
Encoded_Feature_384,39.53874
Encoded_Feature_241,39.40844
Encoded_Feature_84,39.19725
Encoded_Feature_34,39.099342
Encoded_Feature_207,39.030838
Encoded_Feature_481,38.88526
Encoded_Feature_323,38.8291
Encoded_Feature_94,38.777634
Encoded_Feature_147,38.689068
Encoded_Feature_233,38.36475
Encoded_Feature_178,38.246258
Encoded_Feature_464,38.21083
Encoded_Feature_388,38.051025
Encoded_Feature_383,37.74162
Encoded_Feature_136,37.732204
Encoded_Feature_372,37.635136
Encoded_Feature_368,37.522846
Encoded_Feature_177,37.519676
Encoded_Feature_238,36.673473
Encoded_Feature_362,35.41667
Encoded_Feature_49,35.05693
Encoded_Feature_146,34.947582
Encoded_Feature_361,34.737816
Encoded_Feature_324,34.449398
Encoded_Feature_19,34.415443
Encoded_Feature_24,34.396976
Encoded_Feature_81,34.33026
Encoded_Feature_294,33.992542
Encoded_Feature_217,33.07826
Encoded_Feature_20,33.059124
Encoded_Feature_252,32.949253
Encoded_Feature_341,32.707424
Encoded_Feature_162,32.539536
Encoded_Feature_281,32.51902
Encoded_Feature_348,32.384563
Encoded_Feature_265,32.375664
Encoded_Feature_68,32.1783
Encoded_Feature_16,31.63129
Encoded_Feature_181,31.487507
Encoded_Feature_279,31.429705
Encoded_Feature_109,31.373343
Encoded_Feature_369,31.202265
Encoded_Feature_375,31.160677
Encoded_Feature_413,31.08358
Encoded_Feature_211,30.798626
Encoded_Feature_473,30.665249
Encoded_Feature_326,30.51644
Encoded_Feature_405,30.488132
Encoded_Feature_42,30.444784
Encoded_Feature_460,30.239923
Encoded_Feature_208,30.162333
Encoded_Feature_160,30.057276
Encoded_Feature_277,30.041674
Encoded_Feature_327,29.956013
Encoded_Feature_391,29.901592
Encoded_Feature_59,29.889862
Encoded_Feature_499,29.694408
Encoded_Feature_45,29.498856
Encoded_Feature_467,29.251226
Encoded_Feature_381,29.177467
Encoded_Feature_415,29.148682
Encoded_Feature_433,28.945648
Encoded_Feature_475,28.71479
Encoded_Feature_478,28.707523
Encoded_Feature_153,28.514086
Encoded_Feature_62,28.331182
Encoded_Feature_397,28.077763
Encoded_Feature_150,28.076834
Encoded_Feature_8,27.866224
Encoded_Feature_286,27.841501
Encoded_Feature_114,27.725685
Encoded_Feature_212,27.616482
Encoded_Feature_2,27.589338
Encoded_Feature_246,27.498428
Encoded_Feature_58,27.45262
Encoded_Feature_231,27.291801
Encoded_Feature_132,27.273846
Encoded_Feature_465,27.21646
Encoded_Feature_50,27.10083
Encoded_Feature_204,27.075176
Encoded_Feature_380,27.069283
Encoded_Feature_392,27.046219
Encoded_Feature_291,26.975058
Encoded_Feature_191,26.910706
Encoded_Feature_4,26.89859
Encoded_Feature_435,26.76928
Encoded_Feature_495,26.594646
Encoded_Feature_156,26.539928
Encoded_Feature_96,26.48647
Encoded_Feature_200,26.211788
Encoded_Feature_401,25.969986
Encoded_Feature_77,25.953226
Encoded_Feature_463,25.952698
Encoded_Feature_300,25.921776
Encoded_Feature_100,25.91729
Encoded_Feature_367,25.802147
Encoded_Feature_22,25.669756
Encoded_Feature_115,25.549488
Encoded_Feature_335,25.376163
Encoded_Feature_494,25.179804
Encoded_Feature_283,25.15933
Encoded_Feature_35,25.159157
Encoded_Feature_202,25.02835
Encoded_Feature_213,24.920853
Encoded_Feature_55,24.903173
Encoded_Feature_428,24.504528
Encoded_Feature_222,24.269258
Encoded_Feature_31,24.2625
Encoded_Feature_256,24.164776
Encoded_Feature_396,24.130987
Encoded_Feature_175,24.077557
Encoded_Feature_377,24.07215
Encoded_Feature_89,24.02398
Encoded_Feature_423,23.994665
Encoded_Feature_390,23.969288
Encoded_Feature_87,23.823093
Encoded_Feature_30,23.800209
Encoded_Feature_273,23.776299
Encoded_Feature_14,23.674696
Encoded_Feature_434,23.651966
Encoded_Feature_85,23.508072
Encoded_Feature_158,23.416351
Encoded_Feature_399,23.350965
Encoded_Feature_299,23.063042
Encoded_Feature_406,23.04072
Encoded_Feature_93,22.950016
Encoded_Feature_242,22.918585
Encoded_Feature_83,22.830673
Encoded_Feature_145,22.793413
Encoded_Feature_201,22.791224
Encoded_Feature_316,22.789673
Encoded_Feature_334,22.780579
Encoded_Feature_315,22.658909
Encoded_Feature_395,22.644949
Encoded_Feature_171,22.51148
Encoded_Feature_250,22.504549
Encoded_Feature_128,22.468878
Encoded_Feature_430,22.433765
Encoded_Feature_251,22.280909
Encoded_Feature_443,22.191883
Encoded_Feature_102,22.168211
Encoded_Feature_474,22.0636
Encoded_Feature_403,21.919699
Encoded_Feature_127,21.907824
Encoded_Feature_414,21.784845
Encoded_Feature_129,21.764318
Encoded_Feature_229,21.670105
Encoded_Feature_318,21.639353
Encoded_Feature_18,21.63653
Encoded_Feature_342,21.609688
Encoded_Feature_227,21.42289
Encoded_Feature_51,21.274841
Encoded_Feature_37,21.228603
Encoded_Feature_232,21.008265
Encoded_Feature_210,20.794638
Encoded_Feature_44,20.780663
Encoded_Feature_186,20.618683
Encoded_Feature_168,20.536177
Encoded_Feature_487,20.490168
Encoded_Feature_445,20.480362
Encoded_Feature_476,20.458632
Encoded_Feature_253,20.395483
Encoded_Feature_469,20.335867
Encoded_Feature_79,20.321589
Encoded_Feature_421,20.2159
Encoded_Feature_266,20.199697
Encoded_Feature_69,20.075983
Encoded_Feature_244,20.04737
Encoded_Feature_237,19.979078
Encoded_Feature_382,19.949734
Encoded_Feature_97,19.944227
Encoded_Feature_351,19.850288
Encoded_Feature_420,19.815426
Encoded_Feature_480,19.565159
Encoded_Feature_54,19.366207
Encoded_Feature_88,19.34093
Encoded_Feature_417,19.339638
Encoded_Feature_230,19.31829
Encoded_Feature_21,19.314388
Encoded_Feature_205,19.238274
Encoded_Feature_142,19.123934
Encoded_Feature_140,19.076939
Encoded_Feature_407,19.013998
Encoded_Feature_192,18.953089
Encoded_Feature_38,18.943773
Encoded_Feature_441,18.835936
Encoded_Feature_247,18.833818
Encoded_Feature_262,18.82847
Encoded_Feature_298,18.821318
Encoded_Feature_425,18.7025
Encoded_Feature_152,18.519318
Encoded_Feature_199,18.50872
Encoded_Feature_319,18.3079
Encoded_Feature_174,18.221298
Encoded_Feature_101,18.165873
Encoded_Feature_41,18.156843
Encoded_Feature_477,18.09105
Encoded_Feature_449,18.062273
Encoded_Feature_280,17.867105
Encoded_Feature_451,17.844046
Encoded_Feature_354,17.828983
Encoded_Feature_343,17.783169
Encoded_Feature_496,17.579773
Encoded_Feature_139,17.503706
Encoded_Feature_278,17.40435
Encoded_Feature_80,17.331081
Encoded_Feature_6,17.296246
Encoded_Feature_23,17.124802
Encoded_Feature_95,17.076572
Encoded_Feature_366,17.07485
Encoded_Feature_105,16.983759
Encoded_Feature_126,16.898472
Encoded_Feature_321,16.87822
Encoded_Feature_282,16.828386
Encoded_Feature_90,16.804771
Encoded_Feature_71,16.701189
Encoded_Feature_17,16.65004
Encoded_Feature_439,16.556534
Encoded_Feature_134,16.370825
Encoded_Feature_459,16.259308
Encoded_Feature_331,16.214548
Encoded_Feature_144,15.879183
Encoded_Feature_219,15.792791
Encoded_Feature_184,15.739056
Encoded_Feature_26,15.599791
Encoded_Feature_258,15.59641
Encoded_Feature_25,15.510504
Encoded_Feature_224,15.461245
Encoded_Feature_404,15.448242
Encoded_Feature_432,15.346262
Encoded_Feature_1,15.299484
Encoded_Feature_389,15.287281
Encoded_Feature_3,15.207102
Encoded_Feature_67,15.200353
Encoded_Feature_412,15.1943035
Encoded_Feature_113,15.169537
Encoded_Feature_360,15.169376
Encoded_Feature_157,14.998775
Encoded_Feature_311,14.971157
Encoded_Feature_119,14.827489
Encoded_Feature_176,14.78634
Encoded_Feature_91,14.778198
Encoded_Feature_419,14.7719555
Encoded_Feature_325,14.721988
Encoded_Feature_223,14.700745
Encoded_Feature_148,14.691306
Encoded_Feature_448,14.644255
Encoded_Feature_376,14.600322
Encoded_Feature_263,14.553921
Encoded_Feature_155,14.3687105
Encoded_Feature_418,14.1770935
Encoded_Feature_479,14.161873
Encoded_Feature_447,14.154897
Encoded_Feature_33,14.141008
Encoded_Feature_259,14.013066
Encoded_Feature_461,13.958298
Encoded_Feature_198,13.803684
Encoded_Feature_70,13.769166
Encoded_Feature_353,13.676874
Encoded_Feature_337,13.675931
Encoded_Feature_438,13.48913
Encoded_Feature_10,13.453323
Encoded_Feature_60,13.389117
Encoded_Feature_103,13.179784
Encoded_Feature_108,13.171574
Encoded_Feature_131,13.066141
Encoded_Feature_295,13.002469
Encoded_Feature_308,12.994211
Encoded_Feature_63,12.928905
Encoded_Feature_292,12.887647
Encoded_Feature_293,12.7867985
Encoded_Feature_452,12.785781
Encoded_Feature_260,12.718649
Encoded_Feature_490,12.693106
Encoded_Feature_47,12.437756
Encoded_Feature_313,12.393442
Encoded_Feature_189,12.358512
Encoded_Feature_138,12.268934
Encoded_Feature_485,12.162294
Encoded_Feature_137,12.117371
Encoded_Feature_416,12.022356
Encoded_Feature_328,11.868609
Encoded_Feature_203,11.811793
Encoded_Feature_454,11.682716
Encoded_Feature_214,11.493595
Encoded_Feature_346,11.479931
Encoded_Feature_234,11.434998
Encoded_Feature_330,11.394274
Encoded_Feature_440,11.312534
Encoded_Feature_471,11.178686
Encoded_Feature_274,11.164646
Encoded_Feature_371,11.0772505
Encoded_Feature_363,10.998774
Encoded_Feature_359,10.988365
Encoded_Feature_225,10.944389
Encoded_Feature_66,10.916024
Encoded_Feature_305,10.809518
Encoded_Feature_442,10.721969
Encoded_Feature_122,10.655537
Encoded_Feature_462,10.57781
Encoded_Feature_57,10.547654
Encoded_Feature_409,10.410875
Encoded_Feature_484,10.327879
Encoded_Feature_347,10.273056
Encoded_Feature_492,10.188431
Encoded_Feature_245,10.18347
Encoded_Feature_92,10.149483
Encoded_Feature_498,10.110828
Encoded_Feature_249,10.110535
Encoded_Feature_172,10.107656
Encoded_Feature_333,10.072033
Encoded_Feature_28,10.04417
Encoded_Feature_345,9.970684
Encoded_Feature_436,9.858251
Encoded_Feature_180,9.834915
Encoded_Feature_297,9.762891
Encoded_Feature_422,9.688085
Encoded_Feature_29,9.677951
Encoded_Feature_221,9.6724205
Encoded_Feature_350,9.479944
Encoded_Feature_358,9.393037
Encoded_Feature_61,9.390834
Encoded_Feature_99,9.314615
Encoded_Feature_287,9.2327385
Encoded_Feature_40,9.224121
Encoded_Feature_284,9.204433
Encoded_Feature_374,9.125217
Encoded_Feature_74,9.064481
Encoded_Feature_106,9.039215
Encoded_Feature_13,8.92614
Encoded_Feature_470,8.80655
Encoded_Feature_53,8.657728
Encoded_Feature_209,8.638632
Encoded_Feature_500,8.560573
Encoded_Feature_196,8.507026
Encoded_Feature_272,8.433945
Encoded_Feature_437,8.297161
Encoded_Feature_9,8.226862
Encoded_Feature_488,8.210286
Encoded_Feature_257,8.201977
Encoded_Feature_188,8.180028
Encoded_Feature_52,8.135552
Encoded_Feature_365,8.11954
Encoded_Feature_218,8.021639
Encoded_Feature_312,8.013376
Encoded_Feature_290,7.977745
Encoded_Feature_193,7.96486
Encoded_Feature_141,7.943318
Encoded_Feature_457,7.927474
Encoded_Feature_352,7.7912817
Encoded_Feature_268,7.719589
Encoded_Feature_236,7.7032075
Encoded_Feature_370,7.667436
Encoded_Feature_429,7.629513
Encoded_Feature_261,7.6176696
Encoded_Feature_39,7.616077
Encoded_Feature_226,7.546619
Encoded_Feature_393,7.5283437
Encoded_Feature_187,7.445991
Encoded_Feature_482,7.3854017
Encoded_Feature_125,7.3482566
Encoded_Feature_151,7.2470255
Encoded_Feature_288,7.180285
Encoded_Feature_43,7.084104
Encoded_Feature_317,7.0580573
Encoded_Feature_48,7.0345507
Encoded_Feature_387,7.001546
Encoded_Feature_306,6.9534955
Encoded_Feature_385,6.762006
Encoded_Feature_163,6.562098
Encoded_Feature_450,6.268235
Encoded_Feature_264,6.2313094
Encoded_Feature_5,6.0178328
Encoded_Feature_408,5.900958
Encoded_Feature_269,5.8822837
Encoded_Feature_239,5.8692503
Encoded_Feature_149,5.859937
Encoded_Feature_309,5.7889276
Encoded_Feature_332,5.6609416
Encoded_Feature_364,5.5173836
Encoded_Feature_340,5.248501
Encoded_Feature_497,5.237569
Encoded_Feature_357,4.993942
